id,name,image,category,weight,phyAttack,magAttack,fireAttack,lightningAttack,holyAttack,critAttack,strRequired,dexRequired,intRequired,faiRequired,arcRequired
17f69c35d2cl0i1oh7zuqfb3mdvsj,Hand Axe,https://eldenring.fanapis.com/images/weapons/17f69c35d2cl0i1oh7zuqfb3mdvsj.png,Axe,3.5,113,0,0,0,0,100,9,8,0,0,0
17f69667224l0i1ohar280aeoxkl6z,Jawbone Axe,https://eldenring.fanapis.com/images/weapons/17f69667224l0i1ohar280aeoxkl6z.png,Axe,5.5,124,0,0,0,0,100,14,8,0,0,0
17f695c42f0l0i1ohb4cao0qxackpu,Forked Hatchet,https://eldenring.fanapis.com/images/weapons/17f695c42f0l0i1ohb4cao0qxackpu.png,Axe,2.5,101,0,0,0,0,100,9,14,0,0,0
17f69c6388cl0i1ohcb8denrbpuhqs,Iron Cleaver,https://eldenring.fanapis.com/images/weapons/17f69c6388cl0i1ohcb8denrbpuhqs.png,Axe,6.0,120,0,0,0,0,100,15,7,0,0,0
17f699dbb9dl0i1ohfs2g1wqxwja74,Battle Axe,https://eldenring.fanapis.com/images/weapons/17f699dbb9dl0i1ohfs2g1wqxwja74.png,Axe,4.5,123,0,0,0,0,100,12,8,0,0,0
17f694ef2f2l0i1ohsk3qoao9ds943,Ripple Blade,https://eldenring.fanapis.com/images/weapons/17f694ef2f2l0i1ohsk3qoao9ds943.png,Axe,4.5,70,0,0,0,0,100,11,11,0,0,20
17f699235c3l0i1ohvv1u6vgzp6gxv,Icerind Hatchet,https://eldenring.fanapis.com/images/weapons/17f699235c3l0i1ohvv1u6vgzp6gxv.png,Axe,3.0,111,0,0,0,0,100,11,16,0,0,0
17f69b32182l0i1oi3uyg5fkssmhje,Sacrificial Axe,https://eldenring.fanapis.com/images/weapons/17f69b32182l0i1oi3uyg5fkssmhje.png,Axe,5.5,128,0,0,0,0,100,16,10,0,0,0
17f6980f4d4l0i1oi72p2skbsycy5,Celebrant's Cleaver,https://eldenring.fanapis.com/images/weapons/17f6980f4d4l0i1oi72p2skbsycy5.png,Axe,4.5,119,0,0,0,0,100,12,8,0,0,0
17f6963aeael0i1oiez2moleac31tm,Rosus' Axe,https://eldenring.fanapis.com/images/weapons/17f6963aeael0i1oiez2moleac31tm.png,Axe,5.5,106,68,0,0,0,100,18,10,18,0,0
17f69aeb629l0i1oifaza9fgo5b598,Highland Axe,https://eldenring.fanapis.com/images/weapons/17f69aeb629l0i1oifaza9fgo5b598.png,Axe,4.5,123,0,0,0,0,110,12,9,0,0,0
17f6959fcafl0i1oinkyocipl7tiwk,Warped Axe,https://eldenring.fanapis.com/images/weapons/17f6959fcafl0i1oinkyocipl7tiwk.png,Axe,7.5,118,0,0,0,0,100,24,8,0,0,0
17f69b8f9edl0i1oitj4z0mizqfmf7,Stormhawk Axe,https://eldenring.fanapis.com/images/weapons/17f69b8f9edl0i1oitj4z0mizqfmf7.png,Axe,5.5,130,0,0,0,0,100,19,15,0,0,0
17f699ef109l0i1oj1cqtn6euxicod,Gargoyle's Black Axe,https://eldenring.fanapis.com/images/weapons/17f699ef109l0i1oj1cqtn6euxicod.png,Axe,8.5,100,0,0,0,120,100,24,8,0,22,0
17f698da62dl0i1oj2p6wyeh8vo0to,Hand Ballista,https://eldenring.fanapis.com/images/weapons/17f698da62dl0i1oj2p6wyeh8vo0to.png,Ballista,10.0,135,0,0,0,0,100,30,14,0,0,0
17f69dd8093l0i1oj6x6qo6tg76q8,Jar Cannon,https://eldenring.fanapis.com/images/weapons/17f69dd8093l0i1oj6x6qo6tg76q8.png,Ballista,15.0,192,0,0,0,0,100,34,12,0,0,0
17f69d12746l0i1ojbzxzgz6gfjsi,Longbow,https://eldenring.fanapis.com/images/weapons/17f69d12746l0i1ojbzxzgz6gfjsi.png,Bow,4.0,80,0,0,0,0,100,9,14,0,0,0
17f695afa44l0i1ojioyvh48q16qul,Albinauric Bow,https://eldenring.fanapis.com/images/weapons/17f695afa44l0i1ojioyvh48q16qul.png,Bow,4.5,82,0,0,0,0,100,7,18,0,0,0
17f6968148cl0i1ojrunt1o8v6y34f,Erdtree Bow,https://eldenring.fanapis.com/images/weapons/17f6968148cl0i1ojrunt1o8v6y34f.png,Bow,4.0,40,0,0,0,50,100,8,12,0,14,0
17f69dcccffl0i1ojske3hc4ernauj,Horn Bow,https://eldenring.fanapis.com/images/weapons/17f69dcccffl0i1ojske3hc4ernauj.png,Bow,4.5,65,30,0,0,0,100,10,14,12,0,0
17f694c87afl0i1ojvhpi9w9ttf21,Serpent Bow,https://eldenring.fanapis.com/images/weapons/17f694c87afl0i1ojvhpi9w9ttf21.png,Bow,3.5,75,0,0,0,0,100,8,15,0,0,11
17f694cf960l0i1ojybdeac0ffxf5,Pulley Bow,https://eldenring.fanapis.com/images/weapons/17f694cf960l0i1ojybdeac0ffxf5.png,Bow,5.0,77,0,0,0,0,100,11,11,0,0,0
17f694bf0a0l0i1okt1ao6xjlqrmq9,Black Bow,https://eldenring.fanapis.com/images/weapons/17f694bf0a0l0i1okt1ao6xjlqrmq9.png,Bow,4.0,70,0,0,0,0,100,9,20,0,0,0
17f69575d35l0i1oktqg9vbv6v8jk,Bloodhound Claws,https://eldenring.fanapis.com/images/weapons/17f69575d35l0i1oktqg9vbv6v8jk.png,Claw,3.0,94,0,0,0,0,110,10,15,0,0,0
17f695a80d4l0i1okukv5xwwhqcvn,Venomous Fang,https://eldenring.fanapis.com/images/weapons/17f695a80d4l0i1okukv5xwwhqcvn.png,Claw,2.5,92,0,0,0,0,100,9,9,0,0,0
17f69bb71a6l0i1okvek92tqjqy5w,Hookclaws,https://eldenring.fanapis.com/images/weapons/17f69bb71a6l0i1okvek92tqjqy5w.png,Claw,2.0,89,0,0,0,0,110,8,14,0,0,0
17f694a2cc3l0i1okx1gdd6e5ser2,Raptor Talons,https://eldenring.fanapis.com/images/weapons/17f694a2cc3l0i1okx1gdd6e5ser2.png,Claw,1.5,83,0,0,0,0,110,6,14,0,0,0
17f69c91071l0i1olmq0iokptn3hftg,Watchdog's Greatsword,https://eldenring.fanapis.com/images/weapons/17f69c91071l0i1olmq0iokptn3hftg.png,Colossal Sword,22.0,142,0,0,0,0,100,30,10,0,0,0
17f6974feb9l0i1olnp61dvex8ugut,Greatsword,https://eldenring.fanapis.com/images/weapons/17f6974feb9l0i1olnp61dvex8ugut.png,Colossal Sword,23.0,164,0,0,0,0,100,31,12,0,0,0
17f69d62fd0l0i1olqu110xlsqhiuo,Troll's Golden Sword,https://eldenring.fanapis.com/images/weapons/17f69d62fd0l0i1olqu110xlsqhiuo.png,Colossal Sword,19.0,155,0,0,0,0,100,29,10,0,0,0
17f6946481al0i1olr8v9h8hxdx439,Maliketh's Black Blade,https://eldenring.fanapis.com/images/weapons/17f6946481al0i1olr8v9h8hxdx439.png,Colossal Sword,22.0,127,0,0,0,82,100,34,12,0,20,0
17f69848f3fl0i1olspoavxf69m81b,Zweihander,https://eldenring.fanapis.com/images/weapons/17f69848f3fl0i1olspoavxf69m81b.png,Colossal Sword,15.5,141,0,0,0,0,100,19,11,0,0,0
17f695e24bel0i1omb3kpapbx2zhn,Royal Greatsword,https://eldenring.fanapis.com/images/weapons/17f695e24bel0i1omb3kpapbx2zhn.png,Colossal Sword,20.0,0,134,0,0,0,0,26,18,22,0,0
17f69814033l0i1omfg9fbsxwonld,Godslayer's Greatsword,https://eldenring.fanapis.com/images/weapons/17f69814033l0i1omfg9fbsxwonld.png,Colossal Sword,17.5,119,0,77,0,0,100,20,22,0,20,0
17f69ba4b74l0i1omi90yu0wdq7oxu,Grafted Blade Greatsword,https://eldenring.fanapis.com/images/weapons/17f69ba4b74l0i1omi90yu0wdq7oxu.png,Colossal Sword,21.0,157,0,0,0,0,100,40,14,0,0,0
17f69695544l0i1omj4kim8sh6j5xh,Ruins Greatsword,https://eldenring.fanapis.com/images/weapons/17f69695544l0i1omj4kim8sh6j5xh.png,Colossal Sword,23.0,124,37,0,0,0,100,50,0,16,0,0
17f69d917e2l0i1omllp8sfqfor6g,Starscourge Greatsword,https://eldenring.fanapis.com/images/weapons/17f69d917e2l0i1omllp8sfqfor6g.png,Colossal Sword,20.0,129,83,0,0,0,100,38,12,15,0,0
17f694bf77bl0i1on5kwkodf1d6fkp,Troll Knight's Sword,https://eldenring.fanapis.com/images/weapons/17f694bf77bl0i1on5kwkodf1d6fkp.png,Colossal Sword,18.0,124,80,0,0,0,100,20,14,18,0,0
17f69573764l0i1ondtdlwail0224s,Watchdog's Staff,https://eldenring.fanapis.com/images/weapons/17f69573764l0i1ondtdlwail0224s.png,Colossal Weapon,19.0,165,0,0,0,0,100,34,10,0,0,0
17f69b35d86l0i1ongc5nz2ucwimp3,Envoy's Greathorn,https://eldenring.fanapis.com/images/weapons/17f69b35d86l0i1ongc5nz2ucwimp3.png,Colossal Weapon,19.5,121,0,0,0,78,100,28,0,0,0,0
17f697c039cl0i1onh4jupgan4exzn,Great Club,https://eldenring.fanapis.com/images/weapons/17f697c039cl0i1onh4jupgan4exzn.png,Colossal Weapon,17.0,154,0,0,0,0,100,35,0,0,0,0
17f69a7dcc1l0i1oniofe8yzb14ixf,Prelate's Inferno Crozier,https://eldenring.fanapis.com/images/weapons/17f69a7dcc1l0i1oniofe8yzb14ixf.png,Colossal Weapon,23.5,156,0,0,0,0,100,45,8,0,0,0
17f69a33564l0i1ons3nh18t7o8nt,Duelist Greataxe,https://eldenring.fanapis.com/images/weapons/17f69a33564l0i1ons3nh18t7o8nt.png,Colossal Weapon,20.0,170,0,0,0,0,100,30,10,0,0,0
17f698fbfe3l0i1onysor0mpgg5yes,Axe Of Godfrey,https://eldenring.fanapis.com/images/weapons/17f698fbfe3l0i1onysor0mpgg5yes.png,Colossal Weapon,18.0,165,0,0,0,0,100,42,14,0,0,0
17f69469b4bl0i1oo41w96vla79ii,Dragon Greatclaw,https://eldenring.fanapis.com/images/weapons/17f69469b4bl0i1oo41w96vla79ii.png,Colossal Weapon,16.0,120,0,0,78,0,100,30,14,0,0,0
17f6955e72fl0i1oo4m9kmv2xl4xyk,Fallingstar Beast Jaw,https://eldenring.fanapis.com/images/weapons/17f6955e72fl0i1oo4m9kmv2xl4xyk.png,Colossal Weapon,21.5,131,85,0,0,0,100,34,12,20,0,0
17f69dc1749l0i1ooc0npawnyrf3d,Staff Of The Avatar,https://eldenring.fanapis.com/images/weapons/17f69dc1749l0i1ooc0npawnyrf3d.png,Colossal Weapon,20.0,113,0,0,0,73,100,34,0,0,0,0
17f696bf334l0i1oog74vy08h3bq4g,Ghiza's Wheel,https://eldenring.fanapis.com/images/weapons/17f696bf334l0i1oog74vy08h3bq4g.png,Colossal Weapon,19.0,156,0,0,0,0,100,28,18,0,0,0
17f698d50ael0i1ooor7m3e3wm1ksn,Giant-crusher,https://eldenring.fanapis.com/images/weapons/17f698d50ael0i1ooor7m3e3wm1ksn.png,Colossal Weapon,26.5,155,0,0,0,0,100,60,0,0,0,0
17f69bd8124l0i1oouetnbxq1rzht,Golem's Halberd,https://eldenring.fanapis.com/images/weapons/17f69bd8124l0i1oouetnbxq1rzht.png,Colossal Weapon,21.5,158,0,0,0,0,100,36,14,0,0,0
17f699e1bc7l0i1oov82brr35n1ie4,Troll's Hammer,https://eldenring.fanapis.com/images/weapons/17f699e1bc7l0i1oov82brr35n1ie4.png,Colossal Weapon,16.0,153,0,45,0,0,100,28,8,0,10,0
17f695f2cdal0i1oozpti2yx0wz51,Rotten Staff,https://eldenring.fanapis.com/images/weapons/17f695f2cdal0i1oozpti2yx0wz51.png,Colossal Weapon,18.0,165,0,0,0,0,100,34,8,0,0,0
17f698e7e0dl0i1op5tj0nigfcedar,Rotten Greataxe,https://eldenring.fanapis.com/images/weapons/17f698e7e0dl0i1op5tj0nigfcedar.png,Colossal Weapon,20.0,162,0,0,0,0,100,30,10,0,0,0
17f69a1d79cl0i1opcz0k9omitov0n,Soldier's Crossbow,https://eldenring.fanapis.com/images/weapons/17f69a1d79cl0i1opcz0k9omitov0n.png,Crossbow,3.5,54,0,0,0,0,100,10,8,0,0,0
17f69832d19l0i1opiocf2s1b0z8f8,Light Crossbow,https://eldenring.fanapis.com/images/weapons/17f69832d19l0i1opiocf2s1b0z8f8.png,Crossbow,4.0,58,0,0,0,0,100,12,8,0,0,0
17f69b95f86l0i1opjf3ra8xpdsovo,Heavy Crossbow,https://eldenring.fanapis.com/images/weapons/17f69b95f86l0i1opjf3ra8xpdsovo.png,Crossbow,5.5,64,0,0,0,0,100,14,10,0,0,0
17f69744d27l0i1opnrem0400k2gsd,Pulley Crossbow,https://eldenring.fanapis.com/images/weapons/17f69744d27l0i1opnrem0400k2gsd.png,Crossbow,4.0,65,0,0,0,0,100,16,16,0,0,0
17f69ac9f84l0i1opqor2ybht92g9q,Full Moon Crossbow,https://eldenring.fanapis.com/images/weapons/17f69ac9f84l0i1opqor2ybht92g9q.png,Crossbow,4.0,50,50,0,0,0,100,10,10,14,0,0
17f69d4ff4fl0i1oq3u3wuk37p9n8y,Onyx Lord's Greatsword,https://eldenring.fanapis.com/images/weapons/17f69d4ff4fl0i1oq3u3wuk37p9n8y.png,Curved Greatsword,11.5,118,76,0,0,0,100,20,16,16,0,0
17f697ea1a4l0i1oq4te6lr8su01zs,Crepus's Black-key Crossbow,https://eldenring.fanapis.com/images/weapons/17f697ea1a4l0i1oq4te6lr8su01zs.png,Crossbow,5.0,68,0,0,0,0,100,14,16,0,0,0
17f69d24aefl0i1oq9249e558exazo,Arbalest,https://eldenring.fanapis.com/images/weapons/17f69d24aefl0i1oq9249e558exazo.png,Crossbow,6.0,69,0,0,0,0,100,18,12,0,0,0
17f697d9a68l0i1oqeay5e8bb4oc3g,Bloodhound's Fang,https://eldenring.fanapis.com/images/weapons/17f697d9a68l0i1oqeay5e8bb4oc3g.png,Curved Greatsword,11.5,141,0,0,0,0,100,18,17,0,0,0
17f69c95aedl0i1oqkej3b4sanu0ho,Dismounter,https://eldenring.fanapis.com/images/weapons/17f69c95aedl0i1oqkej3b4sanu0ho.png,Curved Greatsword,10.0,138,0,0,0,0,100,19,16,0,0,0
17f6959a5afl0i1oqpihevj06l1n6f,Magma Wyrm's Scalesword,https://eldenring.fanapis.com/images/weapons/17f6959a5afl0i1oqpihevj06l1n6f.png,Curved Greatsword,15.0,114,0,74,0,0,100,24,15,0,18,0
17f699cd816l0i1oqxnpfv24k6jntj,Omen Cleaver,https://eldenring.fanapis.com/images/weapons/17f699cd816l0i1oqxnpfv24k6jntj.png,Curved Greatsword,11.5,142,0,0,0,0,100,19,16,0,0,0
17f6951db06l0i1or16gi01imzlv6v,Zamor Curved Sword,https://eldenring.fanapis.com/images/weapons/17f6951db06l0i1or16gi01imzlv6v.png,Curved Greatsword,9.0,125,0,0,0,0,100,16,18,0,0,0
17f69d7bd32l0i1or3zgprsj3kycze,Monk's Flameblade,https://eldenring.fanapis.com/images/weapons/17f69d7bd32l0i1or3zgprsj3kycze.png,Curved Greatsword,9.0,134,0,0,0,0,100,18,18,0,0,0
17f695a31bbl0i1orafp8agcajnhoq,Beastman's Cleaver,https://eldenring.fanapis.com/images/weapons/17f695a31bbl0i1orafp8agcajnhoq.png,Curved Greatsword,16.5,143,0,0,0,0,100,25,14,0,0,0
17f695e77b1l0i1orcoyco0l9fpi6j,Morgott's Cursed Sword,https://eldenring.fanapis.com/images/weapons/17f695e77b1l0i1orcoyco0l9fpi6j.png,Curved Greatsword,7.5,120,0,0,0,0,110,14,35,0,0,17
17f69ccaa4al0i1orhsuhv0ll0uko,Falchion,https://eldenring.fanapis.com/images/weapons/17f69ccaa4al0i1orhsuhv0ll0uko.png,Curved Sword,3.5,109,0,0,0,0,100,9,13,0,0,0
17f69cbbed5l0i1orz2seh3xldf6b,Shamshir,https://eldenring.fanapis.com/images/weapons/17f69cbbed5l0i1orz2seh3xldf6b.png,Curved Sword,3.5,108,0,0,0,0,100,7,13,0,0,0
17f69d22df5l0i1os1vzj7jka683f,Beastman's Curved Sword,https://eldenring.fanapis.com/images/weapons/17f69d22df5l0i1os1vzj7jka683f.png,Curved Sword,4.0,113,0,0,0,0,100,13,11,0,0,0
17f69498ae3l0i1os4m19u5e478yu2,Shotel,https://eldenring.fanapis.com/images/weapons/17f69498ae3l0i1os4m19u5e478yu2.png,Curved Sword,2.0,96,0,0,0,0,100,9,19,0,0,0
17f69908917l0i1os577fp2a0c8n8w,Magma Blade,https://eldenring.fanapis.com/images/weapons/17f69908917l0i1os577fp2a0c8n8w.png,Curved Sword,4.0,96,0,62,0,0,100,9,15,0,16,0
17f694e2077l0i1osqjan4fnttniyc,Flowing Curved Sword,https://eldenring.fanapis.com/images/weapons/17f694e2077l0i1osqjan4fnttniyc.png,Curved Sword,3.5,109,0,0,0,0,100,9,17,0,0,0
17f695b60e8l0i1osrls9u8la9bek,Wing Of Astel,https://eldenring.fanapis.com/images/weapons/17f695b60e8l0i1osrls9u8la9bek.png,Curved Sword,2.5,65,78,0,0,0,100,7,17,20,0,0
17f695e8a95l0i1osvuh2s392bslgf,Eclipse Shotel,https://eldenring.fanapis.com/images/weapons/17f695e8a95l0i1osvuh2s392bslgf.png,Curved Sword,3.0,77,0,0,0,77,100,10,25,0,30,0
17f6977fc1al0i1oswu20i8xjh9liqj,Serpent-god's Curved Sword,https://eldenring.fanapis.com/images/weapons/17f6977fc1al0i1oswu20i8xjh9liqj.png,Curved Sword,4.0,113,0,0,0,0,100,13,9,0,0,0
17f69d7cf23l0i1osx8dg6r5dybhck,Scavenger's Curved Sword,https://eldenring.fanapis.com/images/weapons/17f69d7cf23l0i1osx8dg6r5dybhck.png,Curved Sword,3.5,105,0,0,0,0,100,9,14,0,0,0
17f69a28357l0i1otefec4u3qjtjve,Mantis Blade,https://eldenring.fanapis.com/images/weapons/17f69a28357l0i1otefec4u3qjtjve.png,Curved Sword,4.0,112,0,0,0,0,100,10,12,0,0,0
17f695c221bl0i1oti2aqelikacuj6,Scimitar,https://eldenring.fanapis.com/images/weapons/17f695c221bl0i1oti2aqelikacuj6.png,Curved Sword,3.0,106,0,0,0,0,100,7,13,0,0,0
17f69913ab4l0i1otlpefqm0g08exp,Nox Flowing Sword,https://eldenring.fanapis.com/images/weapons/17f69913ab4l0i1otlpefqm0g08exp.png,Curved Sword,3.5,112,0,0,0,0,100,8,15,0,0,0
17f699693fbl0i1otqw0glcy3u6fp0k,Dagger,https://eldenring.fanapis.com/images/weapons/17f699693fbl0i1otqw0glcy3u6fp0k.png,Dagger,1.5,74,0,0,0,0,130,5,9,0,0,0
17f69ba85cal0i1ou17700c5cqef3i,Grossmesser,https://eldenring.fanapis.com/images/weapons/17f69ba85cal0i1ou17700c5cqef3i.png,Curved Sword,4.5,115,0,0,0,0,100,14,12,0,0,0
17f69bb7d32l0i1ou85ft99zwecdel,Black Knife,https://eldenring.fanapis.com/images/weapons/17f69bb7d32l0i1ou85ft99zwecdel.png,Dagger,2.0,66,0,0,0,65,110,8,12,0,18,0
17f6959f1adl0i1ou9x8vs08p3u09g,Parrying Dagger,https://eldenring.fanapis.com/images/weapons/17f6959f1adl0i1ou9x8vs08p3u09g.png,Dagger,1.5,75,0,0,0,0,110,5,14,0,0,0
17f69aa066dl0i1ouek4e8nmlybotp,Miséricorde,https://eldenring.fanapis.com/images/weapons/17f69aa066dl0i1ouek4e8nmlybotp.png,Dagger,2.0,92,0,0,0,0,140,7,12,0,0,0
17f69d42419l0i1oujp0m1csaaqdanf,Reduvia,https://eldenring.fanapis.com/images/weapons/17f69d42419l0i1oujp0m1csaaqdanf.png,Dagger,2.5,79,0,0,0,0,110,5,13,0,0,13
17f695c23a5l0i1ourjc45t3ot8y0r,Crystal Knife,https://eldenring.fanapis.com/images/weapons/17f695c23a5l0i1ourjc45t3ot8y0r.png,Dagger,2.0,82,53,0,0,0,100,8,12,9,0,0
17f69538376l0i1ouzstk2t2dod57i,Celebrant's Sickle,https://eldenring.fanapis.com/images/weapons/17f69538376l0i1ouzstk2t2dod57i.png,Dagger,1.5,79,0,0,0,0,100,6,11,0,0,0
17f69756a35l0i1ov1vi3cb4201sxa,Glintstone Kris,https://eldenring.fanapis.com/images/weapons/17f69756a35l0i1ov1vi3cb4201sxa.png,Dagger,1.5,57,68,0,0,0,110,5,12,16,0,0
17f69d58e08l0i1ovazqw2hxmxgdc,Scorpion's Stinger,https://eldenring.fanapis.com/images/weapons/17f69d58e08l0i1ovazqw2hxmxgdc.png,Dagger,2.5,79,0,0,0,0,110,6,12,0,0,0
17f6994d16cl0i1ovl2w2asf8hogd,Great Knife,https://eldenring.fanapis.com/images/weapons/17f6994d16cl0i1ovl2w2asf8hogd.png,Dagger,1.5,75,0,0,0,0,110,6,12,0,0,0
17f69a01b63l0i1ovq80hzuqcz211pn,Wakizashi,https://eldenring.fanapis.com/images/weapons/17f69a01b63l0i1ovq80hzuqcz211pn.png,Dagger,3.0,94,0,0,0,0,100,9,13,0,0,0
17f6986cfc4l0i1ovvz1l7bcfxqjc9,Cinquedea,https://eldenring.fanapis.com/images/weapons/17f6986cfc4l0i1ovvz1l7bcfxqjc9.png,Dagger,3.5,98,0,0,0,0,100,10,10,0,0,0
17f69dba532l0i1ow5zn175dgtjn5d,Ivory Sickle,https://eldenring.fanapis.com/images/weapons/17f69dba532l0i1ow5zn175dgtjn5d.png,Dagger,2.0,60,60,0,0,0,100,6,11,13,0,0
17f69c27224l0i1owfsl4rcc4fgbpe,Erdsteel Dagger,https://eldenring.fanapis.com/images/weapons/17f69c27224l0i1owfsl4rcc4fgbpe.png,Dagger,2.0,67,0,0,0,0,110,7,12,0,14,0
17f69619348l0i1owhkpnh4pq8aju,Blade Of Calling,https://eldenring.fanapis.com/images/weapons/17f69619348l0i1owhkpnh4pq8aju.png,Dagger,1.5,71,0,0,0,43,110,6,13,0,15,0
17f69568512l0i1owirx8rozwu94e,Bloodstained Dagger,https://eldenring.fanapis.com/images/weapons/17f69568512l0i1owirx8rozwu94e.png,Dagger,2.0,81,0,0,0,0,110,9,12,0,0,0
17f69822bd8l0i1owzfs8dkv6m0tk,Spiked Caestus,https://eldenring.fanapis.com/images/weapons/17f69822bd8l0i1owzfs8dkv6m0tk.png,Fist,2.0,91,0,0,0,0,100,8,10,0,0,0
17f6961de5dl0i1ox1mrfqv4sj0p5,Caestus,https://eldenring.fanapis.com/images/weapons/17f6961de5dl0i1ox1mrfqv4sj0p5.png,Fist,1.5,90,0,0,0,0,100,8,8,0,0,0
17f69598b19l0i1ox85gn7f2sgqpad,Grafted Dragon,https://eldenring.fanapis.com/images/weapons/17f69598b19l0i1ox85gn7f2sgqpad.png,Fist,2.5,89,0,57,0,0,100,20,14,0,16,0
17f69bdc512l0i1ox8z0tvmo6500lc,Iron Ball,https://eldenring.fanapis.com/images/weapons/17f69bdc512l0i1ox8z0tvmo6500lc.png,Fist,2.5,101,0,0,0,0,100,11,8,0,0,0
17f6958d2a1l0i1oxak1ho6m56edgwi,Star Fist,https://eldenring.fanapis.com/images/weapons/17f6958d2a1l0i1oxak1ho6m56edgwi.png,Fist,3.0,105,0,0,0,0,0,12,8,0,0,0
17f699730a1l0i1oxo8gfllal3rur,Katar,https://eldenring.fanapis.com/images/weapons/17f699730a1l0i1oxo8gfllal3rur.png,Fist,2.5,97,0,0,0,0,110,8,10,0,0,0
17f695cc915l0i1oxrft0i2enqepoe,Clinging Bone,https://eldenring.fanapis.com/images/weapons/17f695cc915l0i1oxrft0i2enqepoe.png,Fist,2.5,80,24,0,0,0,100,8,22,0,0,16
17f69de7e01l0i1oxypr2s4rzvhwnj,Cipher Pata,https://eldenring.fanapis.com/images/weapons/17f69de7e01l0i1oxypr2s4rzvhwnj.png,Fist,0.0,0,0,0,0,85,100,0,0,0,30,0
17f69912ed2l0i1oxzumweqnzkb2tl,Veteran's Prosthesis,https://eldenring.fanapis.com/images/weapons/17f69912ed2l0i1oxzumweqnzkb2tl.png,Fist,4.0,83,0,0,53,0,100,15,12,0,0,0
17f69d96e43l0i1oy4z04zq0mvzanru,Nightrider Flail,https://eldenring.fanapis.com/images/weapons/17f69d96e43l0i1oy4z04zq0mvzanru.png,Flail,6.0,112,0,0,0,0,100,10,24,0,0,0
17f69552774l0i1oyd6lwf3vlq0nhn,Flail,https://eldenring.fanapis.com/images/weapons/17f69552774l0i1oyd6lwf3vlq0nhn.png,Flail,5.0,109,0,0,0,0,100,10,18,0,0,0
17f695341ecl0i1oyf1mscsd2tuuid,Family Heads,https://eldenring.fanapis.com/images/weapons/17f695341ecl0i1oyf1mscsd2tuuid.png,Flail,5.5,87,56,0,0,0,100,8,18,16,0,0
17f6992e218l0i1oykgr0udpp09p3,Bastard's Stars,https://eldenring.fanapis.com/images/weapons/17f6992e218l0i1oykgr0udpp09p3.png,Flail,5.5,65,78,0,0,0,100,8,22,22,0,0
17f69930219l0i1oytgbre6o33dti,Glintstone Staff,https://eldenring.fanapis.com/images/weapons/17f69930219l0i1oytgbre6o33dti.png,Glintstone Staff,3.0,25,0,0,0,0,100,6,0,10,0,0
17f699946f4l0i1oz2nopkhsi7qz5p,Crystal Staff,https://eldenring.fanapis.com/images/weapons/17f699946f4l0i1oz2nopkhsi7qz5p.png,Glintstone Staff,4.5,31,0,0,0,0,100,8,0,48,0,0
17f69c119f0l0i1oz3m7cwvc1jqa6w,Chainlink Flail,https://eldenring.fanapis.com/images/weapons/17f69c119f0l0i1oz3m7cwvc1jqa6w.png,Flail,8.0,109,0,0,0,0,100,18,12,0,0,0
17f69d7a8dcl0i1oz4x85o3hhhl069,Gelmir Glintstone Staff,https://eldenring.fanapis.com/images/weapons/17f69d7a8dcl0i1oz4x85o3hhhl069.png,Glintstone Staff,2.5,29,0,0,0,0,100,6,0,14,14,0
17f6960232el0i1oz9tjni3i1ghuy,Demi-human Queen's Staff,https://eldenring.fanapis.com/images/weapons/17f6960232el0i1oz9tjni3i1ghuy.png,Glintstone Staff,3.0,31,0,0,0,0,0,6,0,10,0,0
17f6953c900l0i1ozjupz92p99yzi,Carian Regal Scepter,https://eldenring.fanapis.com/images/weapons/17f6953c900l0i1ozjupz92p99yzi.png,Glintstone Staff,3.0,24,0,0,0,0,100,8,10,60,0,0
17f69b2786dl0i1ozt246l3i5ng1n3,Astrologer's Staff,https://eldenring.fanapis.com/images/weapons/17f69b2786dl0i1ozt246l3i5ng1n3.png,Glintstone Staff,3.0,25,0,0,0,0,100,7,0,16,0,0
17f6960a2b7l0i1ozuak6b667gyiqq,Digger's Staff,https://eldenring.fanapis.com/images/weapons/17f6960a2b7l0i1ozuak6b667gyiqq.png,Glintstone Staff,4.5,38,0,0,0,0,100,8,0,12,0,0
17f697c8bb1l0i1ozxd3885l5ejmcw,Prince Of Death's Star,https://eldenring.fanapis.com/images/weapons/17f697c8bb1l0i1ozxd3885l5ejmcw.png,Glintstone Staff,3.0,25,0,0,0,0,100,6,0,18,18,0
17f69bfdbcdl0i1ozxotkx767c6z5e,Carian Glintblade Staff,https://eldenring.fanapis.com/images/weapons/17f69bfdbcdl0i1ozxotkx767c6z5e.png,Glintstone Staff,2.5,22,0,0,0,0,100,6,12,22,0,0
17f69d0ae08l0i1p06vghydco2o29u,Albinauric Staff,https://eldenring.fanapis.com/images/weapons/17f69d0ae08l0i1p06vghydco2o29u.png,Glintstone Staff,2.5,17,0,0,0,0,100,6,0,10,0,12
17f69dea799l0i1p0jj1dc7gc9ooad,Academy Glintstone Staff,https://eldenring.fanapis.com/images/weapons/17f69dea799l0i1p0jj1dc7gc9ooad.png,Glintstone Staff,3.0,25,0,0,0,0,100,6,0,28,0,0
17f6967c49cl0i1p0mowlnjq4ufrl,Carian Glintstone Staff,https://eldenring.fanapis.com/images/weapons/17f6967c49cl0i1p0mowlnjq4ufrl.png,Glintstone Staff,3.0,25,0,0,0,0,100,6,8,24,0,0
17f695d9e5dl0i1p0otrlfxvt1g9n9,Azur's Glintstone Staff,https://eldenring.fanapis.com/images/weapons/17f695d9e5dl0i1p0otrlfxvt1g9n9.png,Glintstone Staff,4.0,24,0,0,0,0,100,10,0,52,0,0
17f695a0063l0i1p0qdogpnbjb7xnf,Lusat's Glintstone Staff,https://eldenring.fanapis.com/images/weapons/17f695a0063l0i1p0qdogpnbjb7xnf.png,Glintstone Staff,4.0,24,0,0,0,0,100,10,0,52,0,0
17f6995e6eel0i1p0ujryl4uvjkiji,Meteorite Staff,https://eldenring.fanapis.com/images/weapons/17f6995e6eel0i1p0ujryl4uvjkiji.png,Glintstone Staff,4.5,39,0,0,0,0,0,6,0,18,0,0
17f698cdcd5l0i1p17cuvrv89tk1t,Staff Of The Guilty,https://eldenring.fanapis.com/images/weapons/17f698cdcd5l0i1p17cuvrv89tk1t.png,Glintstone Staff,4.5,38,0,0,0,0,100,8,0,0,12,0
17f69594fd1l0i1p1ad5rxu1z3y9xt,Rotten Crystal Staff,https://eldenring.fanapis.com/images/weapons/17f69594fd1l0i1p1ad5rxu1z3y9xt.png,Glintstone Staff,4.5,42,0,0,0,0,100,8,0,48,0,0
17f69932567l0i1p1g57mgpbxaj4hw,Greataxe,https://eldenring.fanapis.com/images/weapons/17f69932567l0i1p1g57mgpbxaj4hw.png,Greataxe,13.0,151,0,0,0,0,100,30,8,0,0,0
17f69c517f3l0i1p1j5gib5p31b06c,Great Omenkiller Cleaver,https://eldenring.fanapis.com/images/weapons/17f69c517f3l0i1p1j5gib5p31b06c.png,Greataxe,11.0,142,0,0,0,0,100,23,12,0,0,0
17f69c940f6l0i1p1noaxeazv2s6xo,Staff Of Loss,https://eldenring.fanapis.com/images/weapons/17f69c940f6l0i1p1noaxeazv2s6xo.png,Glintstone Staff,2.5,22,0,0,0,0,100,6,12,14,0,0
17f6962ddb3l0i1p1wgacx8m0mpy3c,Crescent Moon Axe,https://eldenring.fanapis.com/images/weapons/17f6962ddb3l0i1p1wgacx8m0mpy3c.png,Greataxe,12.5,146,0,0,0,0,100,25,15,0,0,0
17f69a0a0del0i1p1ze2uhbxr6enmw,Axe Of Godrick,https://eldenring.fanapis.com/images/weapons/17f69a0a0del0i1p1ze2uhbxr6enmw.png,Greataxe,11.0,142,0,0,0,0,100,34,22,0,0,0
17f69822237l0i1p270w3dlqvx3kil,Longhaft Axe,https://eldenring.fanapis.com/images/weapons/17f69822237l0i1p270w3dlqvx3kil.png,Greataxe,12.5,146,0,0,0,0,100,24,8,0,0,0
17f69bd922al0i1p2frazvyrv41tge,Executioner's Greataxe,https://eldenring.fanapis.com/images/weapons/17f69bd922al0i1p2frazvyrv41tge.png,Greataxe,15.0,150,0,0,0,0,115,34,8,0,0,0
17f696240e3l0i1p2l8nsbm1tuf3kq,Rusted Anchor,https://eldenring.fanapis.com/images/weapons/17f696240e3l0i1p2l8nsbm1tuf3kq.png,Greataxe,12.5,147,0,0,0,0,100,26,9,0,0,0
17f699a5bafl0i1p2louzpgjcml2zi,Winged Greathorn,https://eldenring.fanapis.com/images/weapons/17f699a5bafl0i1p2louzpgjcml2zi.png,Greataxe,11.0,130,0,0,0,0,100,30,20,0,0,0
17f698a1aa2l0i1p2ttzr3kqvtkrqo,Butchering Knife,https://eldenring.fanapis.com/images/weapons/17f698a1aa2l0i1p2ttzr3kqvtkrqo.png,Greataxe,8.5,134,0,0,0,0,100,16,20,0,0,0
17f69aff1efl0i1p2xlel2i8mhvc2o,Gargoyle's Great Axe,https://eldenring.fanapis.com/images/weapons/17f69aff1efl0i1p2xlel2i8mhvc2o.png,Greataxe,0.0,123,0,0,0,0,100,24,8,0,0,0
17f694ec20bl0i1p34h48fycewmkr1,Lion Greatbow,https://eldenring.fanapis.com/images/weapons/17f694ec20bl0i1p34h48fycewmkr1.png,Greatbow,9.5,120,0,0,0,0,100,22,18,0,0,0
17f69727d35l0i1p3af7vawzb2qx4v,Erdtree Greatbow,https://eldenring.fanapis.com/images/weapons/17f69727d35l0i1p3af7vawzb2qx4v.png,Greatbow,11.0,60,0,0,0,65,100,20,14,0,14,0
17f69ba8511l0i1p3aular3j6um6ed,Golem Greatbow,https://eldenring.fanapis.com/images/weapons/17f69ba8511l0i1p3aular3j6um6ed.png,Greatbow,14.5,130,0,0,0,0,100,24,18,0,0,0
17f6967c4f3l0i1p3l1xull5qamw2,Greatbow,https://eldenring.fanapis.com/images/weapons/17f6967c4f3l0i1p3l1xull5qamw2.png,Greatbow,10.0,125,0,0,0,0,100,20,20,0,0,0
17f696abc5el0i1p3mxdl2nf7g3wsu,Mohgwyn's Sacred Spear,https://eldenring.fanapis.com/images/weapons/17f696abc5el0i1p3mxdl2nf7g3wsu.png,Great Spear,10.0,96,0,62,0,0,100,24,14,0,0,27
17f6948ce42l0i1p3rnqwtrftgh5gg,Siluria's Tree,https://eldenring.fanapis.com/images/weapons/17f6948ce42l0i1p3rnqwtrftgh5gg.png,Great Spear,10.0,90,0,0,0,90,100,27,13,0,1,0
17f6949e9bbl0i1p3z882yhinlaqxj,Vyke's War Spear,https://eldenring.fanapis.com/images/weapons/17f6949e9bbl0i1p3z882yhinlaqxj.png,Great Spear,8.0,103,0,66,0,0,100,16,20,0,18,0
17f69b0a1dcl0i1p3zvfkgywidwr2,Serpent-hunter,https://eldenring.fanapis.com/images/weapons/17f69b0a1dcl0i1p3zvfkgywidwr2.png,Great Spear,12.0,111,0,0,0,0,100,0,0,0,0,0
17f6965c8c7l0i1p4ca48460ednlrf,Lance,https://eldenring.fanapis.com/images/weapons/17f6965c8c7l0i1p4ca48460ednlrf.png,Great Spear,9.0,123,0,0,0,0,100,20,14,0,0,0
17f6995c642l0i1p4de8g3enadtufs,Treespear,https://eldenring.fanapis.com/images/weapons/17f6995c642l0i1p4de8g3enadtufs.png,Great Spear,9.5,122,0,0,0,79,100,15,22,0,1,0
17f69a8d915l0i1p4kqv889wy4d4vc,Bastard Sword,https://eldenring.fanapis.com/images/weapons/17f69a8d915l0i1p4kqv889wy4d4vc.png,Greatsword,9.0,138,0,0,0,0,100,16,10,0,0,0
17f6995269el0i1p4oqujogklpkccd,Forked Greatsword,https://eldenring.fanapis.com/images/weapons/17f6995269el0i1p4oqujogklpkccd.png,Greatsword,9.0,124,0,0,0,0,100,14,16,0,0,0
17f698d80fal0i1p4tl3fnkays6xcs,Iron Greatsword,https://eldenring.fanapis.com/images/weapons/17f698d80fal0i1p4tl3fnkays6xcs.png,Greatsword,12.0,149,0,0,0,0,100,18,10,0,0,0
17f69c84a0fl0i1p53njeg78jpm83g,Lordsworn's Greatsword,https://eldenring.fanapis.com/images/weapons/17f69c84a0fl0i1p53njeg78jpm83g.png,Greatsword,9.0,136,0,0,0,0,110,16,10,0,0,0
17f696c3869l0i1p57ui4dkke1j2lb,Knight's Greatsword,https://eldenring.fanapis.com/images/weapons/17f696c3869l0i1p57ui4dkke1j2lb.png,Greatsword,10.0,141,0,0,0,0,100,16,12,0,0,0
17f69958ad2l0i1p5cvrojl4ty52zs,Flamberge,https://eldenring.fanapis.com/images/weapons/17f69958ad2l0i1p5cvrojl4ty52zs.png,Greatsword,10.0,129,0,0,0,0,100,15,14,0,0,0
17f69914456l0i1p5gc8d6bi642ubp,Ordovis's Greatsword,https://eldenring.fanapis.com/images/weapons/17f69914456l0i1p5gc8d6bi642ubp.png,Greatsword,12.0,107,0,0,0,69,100,25,13,0,15,0
17f69a3766al0i1p5jn27ea0xazje3,Alabaster Lord's Sword,https://eldenring.fanapis.com/images/weapons/17f69a3766al0i1p5jn27ea0xazje3.png,Greatsword,8.0,128,38,0,0,0,100,16,12,18,0,0
17f6961c7efl0i1p5tbamvedpnmzx4,Banished Knight's Greatsword,https://eldenring.fanapis.com/images/weapons/17f6961c7efl0i1p5tbamvedpnmzx4.png,Greatsword,10.0,142,0,0,0,0,100,17,0,0,0,0
17f69aa76b3l0i1p5w4xa7tbhq0qit,Dark Moon Greatsword,https://eldenring.fanapis.com/images/weapons/17f69aa76b3l0i1p5w4xa7tbhq0qit.png,Greatsword,10.0,82,98,0,0,0,100,16,11,38,0,0
17f6971ad09l0i1p698i6hg5fqq3ir,Sacred Relic Sword,https://eldenring.fanapis.com/images/weapons/17f6971ad09l0i1p698i6hg5fqq3ir.png,Greatsword,11.0,118,0,0,0,76,110,14,24,0,22,0
17f69a34499l0i1p69mtmqzfrxa7b,Helphen's Steeple,https://eldenring.fanapis.com/images/weapons/17f69a34499l0i1p69mtmqzfrxa7b.png,Greatsword,11.5,101,101,0,0,0,100,19,10,22,0,0
17f69a18c12l0i1p6irjv6m8ue2f5,Blasphemous Blade,https://eldenring.fanapis.com/images/weapons/17f69a18c12l0i1p6irjv6m8ue2f5.png,Greatsword,13.5,121,0,78,0,0,100,22,15,0,21,0
17f69af1239l0i1p6tbsakd85i69of,Marais Executioner's Sword,https://eldenring.fanapis.com/images/weapons/17f69af1239l0i1p6tbsakd85i69of.png,Greatsword,11.5,94,61,0,0,0,100,24,14,0,0,23
17f6998ff30l0i1p6uu73zw546f13u,Sword Of Milos,https://eldenring.fanapis.com/images/weapons/17f6998ff30l0i1p6uu73zw546f13u.png,Greatsword,10.0,141,0,0,0,0,100,15,19,0,0,0
17f69c19b1al0i1p77ig6czaoxosd,Golden Order Greatsword,https://eldenring.fanapis.com/images/weapons/17f69c19b1al0i1p77ig6czaoxosd.png,Greatsword,10.0,86,0,0,0,103,100,16,21,0,18,0
17f69d938dal0i1p7cva71qgpwuo6w,Claymore,https://eldenring.fanapis.com/images/weapons/17f69d938dal0i1p7cva71qgpwuo6w.png,Greatsword,9.0,138,0,0,0,0,100,16,13,0,0,0
17f69d64ed7l0i1p7jmmtge0ag3i4,Gargoyle's Greatsword,https://eldenring.fanapis.com/images/weapons/17f69d64ed7l0i1p7jmmtge0ag3i4.png,Greatsword,11.5,133,0,0,0,0,100,18,10,0,0,0
17f69d8a812l0i1p7s9xmq3zqql69,Death's Poker,https://eldenring.fanapis.com/images/weapons/17f69d8a812l0i1p7s9xmq3zqql69.png,Greatsword,8.5,123,36,0,0,0,100,15,17,11,0,0
17f69d4d41el0i1p7vs0vjortsg7oc,Gargoyle's Blackblade,https://eldenring.fanapis.com/images/weapons/17f69d4d41el0i1p7vs0vjortsg7oc.png,Greatsword,11.5,102,0,0,0,122,100,18,10,0,22,0
17f6998e2a7l0i1p8fxd6bbyw83nts,Pest's Glaive,https://eldenring.fanapis.com/images/weapons/17f6998e2a7l0i1p8fxd6bbyw83nts.png,Halberd,7.0,120,0,0,0,0,100,13,13,0,0,0
17f696b2b4al0i1p8ly2eaf2vbepd6,Halberd,https://eldenring.fanapis.com/images/weapons/17f696b2b4al0i1p8ly2eaf2vbepd6.png,Halberd,8.0,125,0,0,0,0,100,14,12,0,0,0
17f69a4b70bl0i1p8n5ha1qpziq1xg,Lucerne,https://eldenring.fanapis.com/images/weapons/17f69a4b70bl0i1p8n5ha1qpziq1xg.png,Halberd,7.0,121,0,0,0,0,100,15,12,0,0,0
17f698a6131l0i1p8u3hufx2lc7nr,Banished Knight's Halberd,https://eldenring.fanapis.com/images/weapons/17f698a6131l0i1p8u3hufx2lc7nr.png,Halberd,8.0,125,0,0,0,0,100,14,12,0,0,0
17f6991e5c5l0i1p8vp4fgo45r89ky,Commander's Standard,https://eldenring.fanapis.com/images/weapons/17f6991e5c5l0i1p8vp4fgo45r89ky.png,Halberd,11.5,138,0,0,0,0,100,24,14,0,0,0
17f694ee743l0i1p9ku7l29fh314nu,Ripple Crescent Halberd,https://eldenring.fanapis.com/images/weapons/17f694ee743l0i1p9ku7l29fh314nu.png,Halberd,8.5,86,0,0,0,0,100,12,0,0,0,0
17f6962a77bl0i1p9nswfravtg3kil,Nightrider Glaive,https://eldenring.fanapis.com/images/weapons/17f6962a77bl0i1p9nswfravtg3kil.png,Halberd,12.0,129,0,0,0,0,100,26,10,0,0,0
17f6959d46el0i1p9thpf3fa8syut,Vulgar Militia Saw,https://eldenring.fanapis.com/images/weapons/17f6959d46el0i1p9thpf3fa8syut.png,Halberd,8.0,126,0,0,0,0,100,15,0,0,0,0
17f6973b001l0i1p9v6qffivf6eh3,Golden Halberd,https://eldenring.fanapis.com/images/weapons/17f6973b001l0i1p9v6qffivf6eh3.png,Halberd,13.5,134,0,0,0,87,100,30,14,0,12,0
17f69afd8dcl0i1p9y9s33uzxd9fek,Glaive,https://eldenring.fanapis.com/images/weapons/17f69afd8dcl0i1p9y9s33uzxd9fek.png,Halberd,10.0,132,0,0,0,0,100,18,15,0,0,0
17f69869f89l0i1panhih63470rmve,Loretta's War Sickle,https://eldenring.fanapis.com/images/weapons/17f69869f89l0i1panhih63470rmve.png,Halberd,10.0,110,71,0,0,0,100,20,15,20,0,0
17f6984431bl0i1papfl53ticoff4p,Guardian's Swordspear,https://eldenring.fanapis.com/images/weapons/17f6984431bl0i1papfl53ticoff4p.png,Halberd,9.0,139,0,0,0,0,100,17,16,0,0,0
17f69c95d75l0i1paugymrcjquua4q,Dragon Halberd,https://eldenring.fanapis.com/images/weapons/17f69c95d75l0i1paugymrcjquua4q.png,Halberd,10.5,135,0,0,0,0,100,22,10,0,0,0
17f69884882l0i1pawmnlwtwvbmm8,Vulgar Militia Shotel,https://eldenring.fanapis.com/images/weapons/17f69884882l0i1pawmnlwtwvbmm8.png,Curved Sword,8.0,121,0,0,0,0,0,14,16,0,0,0
17f69c725a8l0i1pay72k5pcw8pvc6,Gargoyle's Halberd,https://eldenring.fanapis.com/images/weapons/17f69c725a8l0i1pay72k5pcw8pvc6.png,Halberd,12.0,131,0,0,0,0,100,26,10,0,0,0
17f69a7bbbcl0i1pbo28bmzr0t6jyp,Mace,https://eldenring.fanapis.com/images/weapons/17f69a7bbbcl0i1pbo28bmzr0t6jyp.png,Hammer,4.5,115,0,0,0,0,100,12,7,0,0,0
17f69a5df3cl0i1pboo1un3fj711tg,Gargoyle's Black Halberd,https://eldenring.fanapis.com/images/weapons/17f69a5df3cl0i1pboo1un3fj711tg.png,Halberd,12.0,103,0,0,0,123,100,26,10,0,22,0
17f696774f3l0i1pbvceygv4mkw0d7,Curved Club,https://eldenring.fanapis.com/images/weapons/17f696774f3l0i1pbvceygv4mkw0d7.png,Hammer,5.0,114,0,0,0,0,100,11,7,0,0,0
17f694ca651l0i1pbx2gimykg3587g,Warpick,https://eldenring.fanapis.com/images/weapons/17f694ca651l0i1pbx2gimykg3587g.png,Hammer,2.5,108,0,0,0,0,100,11,9,0,0,0
17f694bb057l0i1pc726b2jy8z22n,Club,https://eldenring.fanapis.com/images/weapons/17f694bb057l0i1pc726b2jy8z22n.png,Hammer,3.5,103,0,0,0,0,100,10,0,0,0,0
17f699d1084l0i1pcmssd76cdlcjqk,Spiked Club,https://eldenring.fanapis.com/images/weapons/17f699d1084l0i1pcmssd76cdlcjqk.png,Hammer,5.0,114,0,0,0,0,100,12,7,0,0,0
17f69a22461l0i1pcneoqys4gxbav,Hammer,https://eldenring.fanapis.com/images/weapons/17f69a22461l0i1pcneoqys4gxbav.png,Hammer,6.5,124,0,0,0,0,100,14,7,0,0,0
17f69aced5el0i1pcsbypcz3lxclfq,Varré's Bouquet,https://eldenring.fanapis.com/images/weapons/17f69aced5el0i1pcsbypcz3lxclfq.png,Hammer,2.0,46,0,0,0,0,100,8,16,0,0,24
17f69d6e6e0l0i1pctcpzxxaoxt1wc,Morning Star,https://eldenring.fanapis.com/images/weapons/17f69d6e6e0l0i1pctcpzxxaoxt1wc.png,Hammer,5.0,118,0,0,0,0,100,12,8,0,0,0
17f69b676c4l0i1pcy677icvt5r8m9,Monk's Flamemace,https://eldenring.fanapis.com/images/weapons/17f69b676c4l0i1pcy677icvt5r8m9.png,Hammer,6.0,126,0,0,0,0,100,13,13,0,0,0
17f695571bbl0i1pdcktfpfya20p2,Envoy's Horn,https://eldenring.fanapis.com/images/weapons/17f695571bbl0i1pdcktfpfya20p2.png,Hammer,4.0,96,0,0,0,62,100,10,0,0,0,0
17f6980f9d0l0i1pdddh1p7a12vqnc,Scepter Of The All-knowing,https://eldenring.fanapis.com/images/weapons/17f6980f9d0l0i1pdddh1p7a12vqnc.png,Hammer,4.5,99,64,0,0,0,100,12,18,21,0,0
17f69b63034l0i1pdhypowirop759,Nox Flowing Hammer,https://eldenring.fanapis.com/images/weapons/17f69b63034l0i1pdhypowirop759.png,Hammer,6.5,122,0,0,0,0,100,17,7,0,0,0
17f69b7f413l0i1pdlfnyqleuyg0fm,Ringed Finger,https://eldenring.fanapis.com/images/weapons/17f69b7f413l0i1pdlfnyqleuyg0fm.png,Hammer,4.5,121,0,0,0,0,100,17,7,0,0,0
17f6984dcccl0i1pdm4f6od648mce,Stone Club,https://eldenring.fanapis.com/images/weapons/17f6984dcccl0i1pdm4f6od648mce.png,Hammer,7.0,122,0,0,0,0,100,16,8,0,0,0
17f6976dccbl0i1pdxa3y1gcjkryhw,Marika's Hammer,https://eldenring.fanapis.com/images/weapons/17f6976dccbl0i1pdxa3y1gcjkryhw.png,Hammer,6.0,101,0,0,0,65,100,20,0,0,0,0
17f69987c03l0i1pdyutp139wmu1sh,Bloody Helice,https://eldenring.fanapis.com/images/weapons/17f69987c03l0i1pdyutp139wmu1sh.png,Heavy Thrusting Sword,8.0,130,0,0,0,0,100,16,19,0,0,17
17f696cbcb2l0i1pe89fm2alskh2df,Great Épée,https://eldenring.fanapis.com/images/weapons/17f696cbcb2l0i1pe89fm2alskh2df.png,Heavy Thrusting Sword,6.5,124,0,0,0,0,100,15,16,0,0,0
17f6969f10el0i1pecne5vzed6lx56,Godskin Stitcher,https://eldenring.fanapis.com/images/weapons/17f6969f10el0i1pecne5vzed6lx56.png,Heavy Thrusting Sword,7.0,127,0,0,0,0,100,14,17,0,0,0
17f699a14b1l0i1pekzisiwkpul53i,Dragon King's Cragblade,https://eldenring.fanapis.com/images/weapons/17f699a14b1l0i1pekzisiwkpul53i.png,Heavy Thrusting Sword,8.0,92,0,0,59,0,100,18,37,0,0,0
17f69cd8a23l0i1peugvwepjdkaqh,Uchigatana,https://eldenring.fanapis.com/images/weapons/17f69cd8a23l0i1peugvwepjdkaqh.png,Katana,5.5,115,0,0,0,0,100,11,15,0,0,0
17f69728e6al0i1peyh4scwxfhl357,Nagakiba,https://eldenring.fanapis.com/images/weapons/17f69728e6al0i1peyh4scwxfhl357.png,Katana,7.0,115,0,0,0,0,100,18,22,0,0,0
17f69667faal0i1pezui5k6y6r0fin,Hand Of Malenia,https://eldenring.fanapis.com/images/weapons/17f69667faal0i1pezui5k6y6r0fin.png,Katana,7.0,117,0,0,0,0,100,16,48,0,0,0
17f69513a8al0i1pf3ozolljjevfk,Meteoric Ore Blade,https://eldenring.fanapis.com/images/weapons/17f69513a8al0i1pf3ozolljjevfk.png,Katana,7.5,112,72,0,0,0,100,15,14,18,0,0
17f6946d08bl0i1pfb4sevs913hvu,Rivers Of Blood,https://eldenring.fanapis.com/images/weapons/17f6946d08bl0i1pfb4sevs913hvu.png,Katana,6.5,89,0,89,0,0,100,12,18,0,0,20
17f69a10accl0i1pfj7uwvc9kzei7d,Moonveil,https://eldenring.fanapis.com/images/weapons/17f69a10accl0i1pfj7uwvc9kzei7d.png,Katana,6.5,73,87,0,0,0,100,12,18,23,0,0
17f69c558e4l0i1pfn93tt9wcpo0di,Dragonscale Blade,https://eldenring.fanapis.com/images/weapons/17f69c558e4l0i1pfn93tt9wcpo0di.png,Katana,5.5,110,0,0,0,0,100,12,20,0,0,0
17f69d611efl0i1pfqtebu0oq2b2w4,Serpentbone Blade,https://eldenring.fanapis.com/images/weapons/17f69d611efl0i1pfqtebu0oq2b2w4.png,Katana,6.0,0,0,0,0,0,0,11,22,0,0,0
17f6994d14el0i1pfsvoe12uhfhqnc,Shortbow,https://eldenring.fanapis.com/images/weapons/17f6994d14el0i1pfsvoe12uhfhqnc.png,Light Bow,2.5,65,0,0,0,0,100,8,10,0,0,0
17f69b492f2l0i1pg02g5smf5kummp,Misbegotten Shortbow,https://eldenring.fanapis.com/images/weapons/17f69b492f2l0i1pg02g5smf5kummp.png,Light Bow,3.0,68,0,0,0,0,100,16,8,0,0,0
17f6971cafal0i1pg8ls91ef3yrf8r,Red Branch Shortbow,https://eldenring.fanapis.com/images/weapons/17f6971cafal0i1pg8ls91ef3yrf8r.png,Light Bow,2.5,65,0,0,0,0,100,8,16,0,0,0
17f69491311l0i1pgceffu5ll8sovn,Harp Bow,https://eldenring.fanapis.com/images/weapons/17f69491311l0i1pgceffu5ll8sovn.png,Light Bow,2.0,62,0,0,0,0,100,9,9,0,0,0
17f6976f477l0i1pgfgwmdenvupj5,Composite Bow,https://eldenring.fanapis.com/images/weapons/17f6976f477l0i1pgfgwmdenvupj5.png,Light Bow,3.0,65,0,0,0,0,100,15,15,0,0,0
17f69502a09l0i1pgjcmg5igz1j0mr,Scythe,https://eldenring.fanapis.com/images/weapons/17f69502a09l0i1pgjcmg5igz1j0mr.png,Reaper,7.5,125,0,0,0,0,100,14,14,0,0,0
17f69920f78l0i1pgs2yaxn0jafxk,Grave Scythe,https://eldenring.fanapis.com/images/weapons/17f69920f78l0i1pgs2yaxn0jafxk.png,Reaper,9.5,144,0,0,0,0,100,17,0,0,0,0
17f697b3423l0i1pgz84q3gg342rvu,Halo Scythe,https://eldenring.fanapis.com/images/weapons/17f697b3423l0i1pgz84q3gg342rvu.png,Reaper,8.5,118,0,0,0,76,100,13,16,0,15,0
17f69abddefl0i1ph323xr196zcpc,Winged Scythe,https://eldenring.fanapis.com/images/weapons/17f69abddefl0i1ph323xr196zcpc.png,Reaper,7.5,87,0,0,0,104,100,16,16,0,24,0
17f699368ccl0i1ph45qf42ty540od,Finger Seal,https://eldenring.fanapis.com/images/weapons/17f699368ccl0i1ph45qf42ty540od.png,Sacred Seal,1.5,25,0,0,0,0,100,4,0,0,10,0
17f69bbd392l0i1ph9qxgols7hl7qc,Godslayer's Seal,https://eldenring.fanapis.com/images/weapons/17f69bbd392l0i1ph9qxgols7hl7qc.png,Sacred Seal,1.5,25,0,0,0,0,100,4,0,0,27,0
17f6995ccbfl0i1phh558cbgycwuo,Giant's Seal,https://eldenring.fanapis.com/images/weapons/17f6995ccbfl0i1phh558cbgycwuo.png,Sacred Seal,1.5,25,0,0,0,0,100,4,0,0,14,0
17f697c0b2dl0i1phqrezjlqqlunoa,Clawmark Seal,https://eldenring.fanapis.com/images/weapons/17f697c0b2dl0i1phqrezjlqqlunoa.png,Sacred Seal,1.5,31,0,0,0,0,100,4,0,0,10,0
17f69d76aa8l0i1phsgjq5azzb5g1,Golden Order Seal,https://eldenring.fanapis.com/images/weapons/17f69d76aa8l0i1phsgjq5azzb5g1.png,Sacred Seal,0.0,24,0,0,0,0,100,0,0,17,17,0
17f69746125l0i1phti5gxbjc1nfhx,Erdtree Seal,https://eldenring.fanapis.com/images/weapons/17f69746125l0i1phti5gxbjc1nfhx.png,Sacred Seal,0.0,25,0,0,0,15,100,0,0,0,40,0
17f698bacafl0i1phz3om56qt5bqof,Erdtree Seal,https://eldenring.fanapis.com/images/weapons/17f698bacafl0i1phz3om56qt5bqof.png,Sacred Seal,0.0,25,0,0,0,15,100,0,0,0,40,0
17f697307d1l0i1pi6qvgmp5wuhmk,Dragon Communion Seal,https://eldenring.fanapis.com/images/weapons/17f697307d1l0i1pi6qvgmp5wuhmk.png,Sacred Seal,0.0,25,0,0,0,0,100,0,0,0,10,10
17f69885c93l0i1pihpfc550piu1x,Frenzied Flame Seal,https://eldenring.fanapis.com/images/weapons/17f69885c93l0i1pihpfc550piu1x.png,Sacred Seal,0.0,25,0,0,0,0,100,0,0,0,10,10
17f697047a0l0i1pik0le4bp23xal,Spear,https://eldenring.fanapis.com/images/weapons/17f697047a0l0i1pik0le4bp23xal.png,Spear,4.5,114,0,0,0,0,100,12,15,0,0,0
17f69bba35dl0i1pilsvl3r9ub4cf9,Short Spear,https://eldenring.fanapis.com/images/weapons/17f69bba35dl0i1pilsvl3r9ub4cf9.png,Spear,4.0,112,0,0,0,0,100,10,10,0,0,0
17f69a617edl0i1piq3kor6g6xs3ql,Crystal Spear,https://eldenring.fanapis.com/images/weapons/17f69a617edl0i1piq3kor6g6xs3ql.png,Spear,5.5,110,33,0,0,0,100,10,16,16,0,0
17f69b1e4cfl0i1piuurxtzf8019c,Clayman's Harpoon,https://eldenring.fanapis.com/images/weapons/17f69b1e4cfl0i1piuurxtzf8019c.png,Spear,5.5,99,64,0,0,0,100,0,0,0,0,0
17f698971dfl0i1pja9443dg722bb3,Partisan,https://eldenring.fanapis.com/images/weapons/17f698971dfl0i1pja9443dg722bb3.png,Spear,6.5,123,0,0,0,0,100,15,12,0,0,0
17f694b74eel0i1pjc1y7lp7e97wy,Celebrant's Rib-rake,https://eldenring.fanapis.com/images/weapons/17f694b74eel0i1pjc1y7lp7e97wy.png,Spear,5.0,109,0,0,0,0,100,8,14,0,0,0
17f698acb69l0i1pjffhe1kjzha5v,Cleanrot Spear,https://eldenring.fanapis.com/images/weapons/17f698acb69l0i1pjffhe1kjzha5v.png,Spear,5.5,102,0,0,0,66,100,16,0,0,0,0
17f6975ef77l0i1pjgwds05239gwag,Pike,https://eldenring.fanapis.com/images/weapons/17f6975ef77l0i1pjgwds05239gwag.png,Spear,7.5,115,0,0,0,0,100,20,14,0,0,0
17f69d10518l0i1pjt3166nis69mk9,Torchpole,https://eldenring.fanapis.com/images/weapons/17f69d10518l0i1pjt3166nis69mk9.png,Spear,6.0,104,0,31,0,0,100,14,15,0,0,0
17f6993e936l0i1pjyhfk7vfpgc8ce,Bolt Of Gransax,https://eldenring.fanapis.com/images/weapons/17f6993e936l0i1pjyhfk7vfpgc8ce.png,Spear,8.5,98,0,0,63,0,100,20,40,0,0,0
17f69b7874el0i1pk0zpdda5qgjzi,Cross-naginata,https://eldenring.fanapis.com/images/weapons/17f69b7874el0i1pk0zpdda5qgjzi.png,Spear,8.0,122,0,0,0,0,100,16,20,0,0,0
17f6963cc83l0i1pk36gu3e5f8fpxm,Death Ritual Spear,https://eldenring.fanapis.com/images/weapons/17f6963cc83l0i1pk36gu3e5f8fpxm.png,Spear,6.5,99,64,0,0,0,110,11,20,18,0,0
17f69ac78dcl0i1pke5of594dboffh,Inquisitor's Girandole,https://eldenring.fanapis.com/images/weapons/17f69ac78dcl0i1pke5of594dboffh.png,Spear,7.5,102,0,66,0,0,100,18,15,0,16,0
17f6975dd97l0i1pkiw33ipbj1wu2d,Spiked Spear,https://eldenring.fanapis.com/images/weapons/17f6975dd97l0i1pkiw33ipbj1wu2d.png,Spear,6.0,120,0,0,0,0,0,14,0,0,0,0
17f69c12977l0i1pkr6s0g1o7v5kz,Rotten Crystal Spear,https://eldenring.fanapis.com/images/weapons/17f69c12977l0i1pkr6s0g1o7v5kz.png,Spear,5.5,104,31,0,0,0,100,10,16,16,0,0
17f698a34afl0i1pku2sj7lswv0zy,Iron Spear,https://eldenring.fanapis.com/images/weapons/17f698a34afl0i1pku2sj7lswv0zy.png,Spear,4.5,114,0,0,0,0,100,13,11,0,0,0
17f697d5fe2l0i1pkvirys2xrxe0un,Winged Spear,https://eldenring.fanapis.com/images/weapons/17f697d5fe2l0i1pkvirys2xrxe0un.png,Spear,4.5,78,0,0,0,0,100,10,10,0,0,0
17f69a84ec9l0i1pl7rf93vq4jlbt8,Longsword,https://eldenring.fanapis.com/images/weapons/17f69a84ec9l0i1pl7rf93vq4jlbt8.png,Straight Sword,3.5,110,0,0,0,0,100,10,10,0,0,0
17f699b4949l0i1plb5z4sznm17g7p,Short Sword,https://eldenring.fanapis.com/images/weapons/17f699b4949l0i1plb5z4sznm17g7p.png,Straight Sword,3.0,102,0,0,0,0,100,8,10,0,0,0
17f696356b4l0i1pljd3dmbyei0rzd,Broadsword,https://eldenring.fanapis.com/images/weapons/17f696356b4l0i1pljd3dmbyei0rzd.png,Straight Sword,4.0,117,0,0,0,0,100,10,10,0,0,0
17f69b31ef4l0i1plkiau08p955pt5,Lordsworn's Straight Sword,https://eldenring.fanapis.com/images/weapons/17f69b31ef4l0i1plkiau08p955pt5.png,Straight Sword,3.5,115,0,0,0,0,110,10,10,0,0,0
17f6953c2f2l0i1pltkmb7nxuvfxgo,Weathered Straight Sword,https://eldenring.fanapis.com/images/weapons/17f6953c2f2l0i1pltkmb7nxuvfxgo.png,Straight Sword,3.0,103,0,0,0,0,100,7,10,0,0,0
17f697020ddl0i1pm0mkycj3pyzli7,Golden Epitaph,https://eldenring.fanapis.com/images/weapons/17f697020ddl0i1pm0mkycj3pyzli7.png,Straight Sword,3.5,85,0,0,0,85,100,12,10,0,14,0
17f69523142l0i1pm7iurzr5rt7vpb,Ornamental Straight Sword,https://eldenring.fanapis.com/images/weapons/17f69523142l0i1pm7iurzr5rt7vpb.png,Straight Sword,3.0,101,0,0,0,0,110,10,14,0,0,0
17f69d1c283l0i1pm7km9k4n9hesqp,Coded Sword,https://eldenring.fanapis.com/images/weapons/17f69d1c283l0i1pm7km9k4n9hesqp.png,Straight Sword,2.5,0,0,0,0,85,100,0,0,0,20,0
17f69dcdeb9l0i1pmay6pw29q0kz9j,Sword Of Night And Flame,https://eldenring.fanapis.com/images/weapons/17f69dcdeb9l0i1pmay6pw29q0kz9j.png,Straight Sword,4.0,87,56,56,0,0,100,12,12,1,24,0
17f69b44345l0i1pmq6va882h9uvf,Carian Knight's Sword,https://eldenring.fanapis.com/images/weapons/17f69b44345l0i1pmq6va882h9uvf.png,Straight Sword,4.0,88,88,0,0,0,100,10,10,18,0,0
17f69b32328l0i1pmuqj0u81mxsett,Crystal Sword,https://eldenring.fanapis.com/images/weapons/17f69b32328l0i1pmuqj0u81mxsett.png,Straight Sword,4.5,106,68,0,0,0,100,13,10,15,0,0
17f698685e3l0i1pmwzhhrnhxcf81,Sword Of St Trina,https://eldenring.fanapis.com/images/weapons/17f698685e3l0i1pmwzhhrnhxcf81.png,Straight Sword,3.0,107,32,0,0,0,100,10,12,1,0,0
17f69aa244al0i1pmyf54x5qm8xb1r,Miquellan Knight's Sword,https://eldenring.fanapis.com/images/weapons/17f69aa244al0i1pmyf54x5qm8xb1r.png,Straight Sword,3.5,105,0,0,0,68,100,11,11,0,16,0
17f6997d3a3l0i1pn2970lts73cbnn,Cane Sword,https://eldenring.fanapis.com/images/weapons/17f6997d3a3l0i1pn2970lts73cbnn.png,Straight Sword,2.5,96,0,0,0,0,100,8,11,0,0,0
17f69d2e16cl0i1pndl0cqdeg1df40a,Regalia Of Eochaid,https://eldenring.fanapis.com/images/weapons/17f69d2e16cl0i1pndl0cqdeg1df40a.png,Straight Sword,5.5,89,57,0,0,0,100,12,0,0,0,0
17f6976fa7el0i1pnla0wdjcpf4iqvm,Noble's Slender Sword,https://eldenring.fanapis.com/images/weapons/17f6976fa7el0i1pnla0wdjcpf4iqvm.png,Straight Sword,3.5,101,0,0,0,0,110,8,0,0,0,0
17f69b005b3l0i1pnmcmlgow749t19,Warhawk's Talon,https://eldenring.fanapis.com/images/weapons/17f69b005b3l0i1pnmcmlgow749t19.png,Straight Sword,3.0,101,0,0,0,0,100,10,16,0,0,0
17f69d445cel0i1pnsmtteechmemmd,Rotten Crystal Sword,https://eldenring.fanapis.com/images/weapons/17f69d445cel0i1pnsmtteechmemmd.png,Straight Sword,4.5,102,66,0,0,0,100,13,10,15,0,0
17f697a64ccl0i1pnuagdt1sfmx0pk,Lazuli Glintstone Sword,https://eldenring.fanapis.com/images/weapons/17f697a64ccl0i1pnuagdt1sfmx0pk.png,Straight Sword,3.5,79,94,0,0,0,100,8,0,0,0,0
17f69747395l0i1po2ze4jsp35ms3t,Estoc,https://eldenring.fanapis.com/images/weapons/17f69747395l0i1po2ze4jsp35ms3t.png,Thrusting Sword,4.5,107,0,0,0,0,100,11,13,0,0,0
17f69c6c09el0i1poegki2ecno2vw,Rapier,https://eldenring.fanapis.com/images/weapons/17f69c6c09el0i1poegki2ecno2vw.png,Thrusting Sword,2.5,96,0,0,0,0,130,7,12,0,0,0
17f6990b8f9l0i1poeub82lv32r18o,Cleanrot Knight's Sword,https://eldenring.fanapis.com/images/weapons/17f6990b8f9l0i1poeub82lv32r18o.png,Thrusting Sword,4.0,109,0,0,0,0,100,13,11,0,0,0
17f69d58854l0i1pom1ferfthsgsd,Rogier's Rapier,https://eldenring.fanapis.com/images/weapons/17f69d58854l0i1pom1ferfthsgsd.png,Thrusting Sword,3.5,93,0,0,0,0,110,8,17,0,0,0
17f697b4c08l0i1pomqr1pxcel70uf,Antspur Rapier,https://eldenring.fanapis.com/images/weapons/17f697b4c08l0i1pomqr1pxcel70uf.png,Thrusting Sword,3.0,98,0,0,0,0,100,10,20,0,0,0
17f69a8a231l0i1potleffsoj8ycfb,Frozen Needle,https://eldenring.fanapis.com/images/weapons/17f69a8a231l0i1potleffsoj8ycfb.png,Thrusting Sword,2.5,99,0,0,0,0,100,11,18,0,0,0
17f69a2e19cl0i1pp06n0kd7rxesjl,Torch,https://eldenring.fanapis.com/images/weapons/17f69a2e19cl0i1pp06n0kd7rxesjl.png,Torch,1.5,54,0,97,0,0,100,5,5,0,0,0
17f6999d8b5l0i1pp5phyiipgx4eoi,Noble's Estoc,https://eldenring.fanapis.com/images/weapons/17f6999d8b5l0i1pp5phyiipgx4eoi.png,Thrusting Sword,3.5,104,0,0,0,0,100,9,10,0,0,0
17f69c23d73l0i1ppcoi0x9lzm1frn,Steel-wire Torch,https://eldenring.fanapis.com/images/weapons/17f69c23d73l0i1ppcoi0x9lzm1frn.png,Torch,3.0,61,0,109,0,0,100,10,8,0,0,0
17f69762fd7l0i1ppfr1nudb4uz853,St. Trina's Torch,https://eldenring.fanapis.com/images/weapons/17f69762fd7l0i1ppfr1nudb4uz853.png,Torch,3.0,51,0,91,0,0,100,10,10,0,14,0
17f69ca18e3l0i1pplg1qd5hx85vfgj,Ghostflame Torch,https://eldenring.fanapis.com/images/weapons/17f69ca18e3l0i1pplg1qd5hx85vfgj.png,Torch,2.5,50,90,0,0,0,100,10,10,14,0,0
17f694a60fal0i1pprpdod0sn0veh,Beast-repellent Torch,https://eldenring.fanapis.com/images/weapons/17f694a60fal0i1pprpdod0sn0veh.png,Torch,2.5,58,0,104,0,0,100,12,8,0,0,0
17f69cf8934l0i1ppuzogdnseu6l7f,Sentry's Torch,https://eldenring.fanapis.com/images/weapons/17f69cf8934l0i1ppuzogdnseu6l7f.png,Torch,5.0,56,0,0,0,100,100,15,8,0,15,0
17f69528e34l0i1pq5pn4dg3bbkmj,Godskin Peeler,https://eldenring.fanapis.com/images/weapons/17f69528e34l0i1pq5pn4dg3bbkmj.png,Twinblade,8.0,121,0,0,0,0,100,17,22,0,0,0
17f69a2b9c8l0i1pqbpbbyiylafnx,Twinned Knight Swords,https://eldenring.fanapis.com/images/weapons/17f69a2b9c8l0i1pqbpbbyiylafnx.png,Twinblade,8.0,122,0,0,0,0,100,16,18,0,0,0
17f69d7ad55l0i1pqhdj20wzeg63ts,Eleonora's Poleblade,https://eldenring.fanapis.com/images/weapons/17f69d7ad55l0i1pqhdj20wzeg63ts.png,Twinblade,6.0,72,0,72,0,0,100,12,21,0,0,19
17f695e037bl0i1pqkyetqd7zbu8l,Gargoyle's Twinblade,https://eldenring.fanapis.com/images/weapons/17f695e037bl0i1pqkyetqd7zbu8l.png,Twinblade,8.5,123,0,0,0,0,100,18,15,0,0,0
17f69a3190el0i1pqs4x6j5c6xpye,Gargoyle's Black Blades,https://eldenring.fanapis.com/images/weapons/17f69a3190el0i1pqs4x6j5c6xpye.png,Twinblade,8.5,81,0,0,0,97,100,18,15,0,22,0
17f698bc778l0i1pqyr7r7agoq3o5d,Large Club,https://eldenring.fanapis.com/images/weapons/17f698bc778l0i1pqyr7r7agoq3o5d.png,Warhammer,8.5,131,0,0,0,0,100,22,0,0,0,0
17f696c1ee3l0i1pr4ayhpbcwld3pn,Greathorn Hammer,https://eldenring.fanapis.com/images/weapons/17f696c1ee3l0i1pr4ayhpbcwld3pn.png,Warhammer,10.0,134,0,0,0,0,100,22,10,0,0,0
17f69b42027l0i1prapddaur3pdili,Battle Hammer,https://eldenring.fanapis.com/images/weapons/17f69b42027l0i1prapddaur3pdili.png,Warhammer,10.0,131,0,0,0,0,100,26,8,0,0,0
17f69a1045al0i1prfggf7geafalun,Great Mace,https://eldenring.fanapis.com/images/weapons/17f69a1045al0i1prfggf7geafalun.png,Warhammer,11.5,134,0,0,0,0,100,28,0,0,0,0
17f69aaf476l0i1prkfafl8jets7wh,Curved Great Club,https://eldenring.fanapis.com/images/weapons/17f69aaf476l0i1prkfafl8jets7wh.png,Warhammer,10.0,145,0,0,0,0,100,24,10,0,0,0
17f69ace310l0i1proreclwz3grgz,Celebrant's Skull,https://eldenring.fanapis.com/images/weapons/17f69ace310l0i1proreclwz3grgz.png,Warhammer,8.5,138,0,0,0,0,100,18,12,0,0,0
17f69aff56dl0i1przmnvkw34pmvm,Beastclaw Greathammer,https://eldenring.fanapis.com/images/weapons/17f69aff56dl0i1przmnvkw34pmvm.png,Warhammer,9.0,116,0,0,0,75,100,20,10,0,18,0
17f69afb6c2l0i1ps6dducecpwa4m,Twinblade,https://eldenring.fanapis.com/images/weapons/17f69afb6c2l0i1ps6dducecpwa4m.png,Twinblade,7.0,119,0,0,0,0,100,10,18,0,0,0
17f69c5e336l0i1ps8m2w27as1vumo,Envoy's Long Horn,https://eldenring.fanapis.com/images/weapons/17f69c5e336l0i1ps8m2w27as1vumo.png,Warhammer,9.5,120,0,0,0,78,100,23,11,0,18,0
17f69aa2722l0i1ps9o8lwz4rprn29,Pickaxe,https://eldenring.fanapis.com/images/weapons/17f69aa2722l0i1ps9o8lwz4rprn29.png,Warhammer,10.0,144,0,0,0,0,100,22,10,0,0,0
17f69657dc0l0i1psc1sw2ehitb9m,Cranial Vessel Candlestand,https://eldenring.fanapis.com/images/weapons/17f69657dc0l0i1psc1sw2ehitb9m.png,Warhammer,12.5,98,0,98,0,0,100,26,8,0,22,0
17f69dc134al0i1psnm7v5asqrwh7g,Great Stars,https://eldenring.fanapis.com/images/weapons/17f69dc134al0i1psnm7v5asqrwh7g.png,Warhammer,10.0,135,0,0,0,0,100,22,12,0,0,0
17f69b4d221l0i1psy7bxk9acqs5xv,Devourer's Scepter,https://eldenring.fanapis.com/images/weapons/17f69b4d221l0i1psy7bxk9acqs5xv.png,Warhammer,11.5,107,0,69,0,0,100,24,20,0,25,0
17f69c5bf40l0i1pszirywq0wqy1l,Brick Hammer,https://eldenring.fanapis.com/images/weapons/17f69c5bf40l0i1pszirywq0wqy1l.png,Warhammer,12.5,122,0,0,0,0,100,31,0,0,0,0
17f69d7e396l0i1pt3tuf213zcu8u,Whip,https://eldenring.fanapis.com/images/weapons/17f69d7e396l0i1pt3tuf213zcu8u.png,Whip,2.0,100,0,0,0,0,100,8,14,0,0,0
17f699989edl0i1pt44dx2gkj49me6,Rotten Battle Hammer,https://eldenring.fanapis.com/images/weapons/17f699989edl0i1pt44dx2gkj49me6.png,Warhammer,10.0,126,0,0,0,0,100,26,8,0,0,0
17f69571714l0i1ptc8s1fsagr8zf,Thorned Whip,https://eldenring.fanapis.com/images/weapons/17f69571714l0i1ptc8s1fsagr8zf.png,Whip,2.5,102,0,0,0,0,100,8,16,0,0,0
17f69c5c0bfl0i1ptlhsrovoc8dx07,Magma Whip Candlestick,https://eldenring.fanapis.com/images/weapons/17f69c5c0bfl0i1ptlhsrovoc8dx07.png,Whip,2.5,72,0,72,0,0,100,8,16,0,18,0
17f694eefe9l0i1pto8dn7ezy61a99,Hoslow's Petal Whip,https://eldenring.fanapis.com/images/weapons/17f694eefe9l0i1pto8dn7ezy61a99.png,Whip,3.5,110,0,0,0,0,100,10,20,0,0,0
17f696af19bl0i1ptpv0fdawl72o4yq,Giant's Red Braid,https://eldenring.fanapis.com/images/weapons/17f696af19bl0i1ptpv0fdawl72o4yq.png,Whip,2.5,82,0,53,0,0,100,18,12,0,21,0
17f69691044l0i1ptyliubsc1c29o9,Urumi,https://eldenring.fanapis.com/images/weapons/17f69691044l0i1ptyliubsc1c29o9.png,Whip,3.0,101,0,0,0,0,100,10,19,0,0,0
